{
  "n_samples": 50,
  "n_positive": 21,
  "positive_rate": 0.42,
  "cv_folds": 5,
  "roc_auc": 0.8128078817733989,
  "average_precision": 0.7734972292370423,
  "confusion_matrix": [
    [
      25,
      4
    ],
    [
      6,
      15
    ]
  ],
  "classification_report": {
    "0": {
      "precision": 0.8064516129032258,
      "recall": 0.8620689655172413,
      "f1-score": 0.8333333333333334,
      "support": 29.0
    },
    "1": {
      "precision": 0.7894736842105263,
      "recall": 0.7142857142857143,
      "f1-score": 0.75,
      "support": 21.0
    },
    "accuracy": 0.8,
    "macro avg": {
      "precision": 0.797962648556876,
      "recall": 0.7881773399014778,
      "f1-score": 0.7916666666666667,
      "support": 50.0
    },
    "weighted avg": {
      "precision": 0.799320882852292,
      "recall": 0.8,
      "f1-score": 0.7983333333333335,
      "support": 50.0
    }
  }
}