{
  "n_samples": 37,
  "n_positive": 6,
  "positive_rate": 0.16216216216216217,
  "cv_folds": 5,
  "roc_auc": 0.575268817204301,
  "average_precision": 0.2484958389563653,
  "confusion_matrix": [
    [
      29,
      2
    ],
    [
      5,
      1
    ]
  ],
  "classification_report": {
    "0": {
      "precision": 0.8529411764705882,
      "recall": 0.9354838709677419,
      "f1-score": 0.8923076923076924,
      "support": 31.0
    },
    "1": {
      "precision": 0.3333333333333333,
      "recall": 0.16666666666666666,
      "f1-score": 0.2222222222222222,
      "support": 6.0
    },
    "accuracy": 0.8108108108108109,
    "macro avg": {
      "precision": 0.5931372549019608,
      "recall": 0.5510752688172043,
      "f1-score": 0.5572649572649573,
      "support": 37.0
    },
    "weighted avg": {
      "precision": 0.7686804451510334,
      "recall": 0.8108108108108109,
      "f1-score": 0.7836451836451837,
      "support": 37.0
    }
  }
}